date,temp_max,temp_min,temp_ave,temp_departure,hdd,ccd,ppt,new_snow,snow_depth,airport
2017-01-01,50,33,41.5,7.2,23,0,T,0,0,EWR
2017-01-02,42,32,37,2.9,28,0,0.29,T,0,EWR
2017-01-03,44,39,41.5,7.6,23,0,0.43,0,0,EWR
2017-01-04,54,33,43.5,9.8,21,0,T,0,0,EWR
2017-01-05,33,26,29.5,-4.1,35,0,T,T,0,EWR
2017-01-06,34,25,29.5,-3.9,35,0,0.06,1.6,1,EWR
2017-01-07,26,20,23,-10.3,42,0,0.32,5.8,0,EWR
2017-01-08,26,15,20.5,-12.6,44,0,0,0,5,EWR
2017-01-09,23,12,17.5,-15.5,47,0,0,0,3,EWR
2017-01-10,44,15,29.5,-3.4,35,0,0,0,2,EWR
2017-01-11,53,40,46.5,13.7,18,0,0.57,0,0,EWR
2017-01-12,67,46,56.5,23.8,8,0,0.09,0,0,EWR
2017-01-13,61,33,47,14.4,18,0,T,0,0,EWR
2017-01-14,34,28,31,-1.5,34,0,0.1,1.4,0,EWR
2017-01-15,41,29,35,2.6,30,0,0,0,1,EWR
2017-01-16,44,25,34.5,2.1,30,0,T,0,T,EWR
2017-01-17,41,38,39.5,7.2,25,0,0.53,0,0,EWR
2017-01-18,42,38,40,7.7,25,0,0.04,0,0,EWR
2017-01-19,50,37,43.5,11.3,21,0,T,0,0,EWR
2017-01-20,45,40,42.5,10.3,22,0,0.14,0,0,EWR
2017-01-21,48,42,45,12.8,20,0,T,0,0,EWR
2017-01-22,50,44,47,14.8,18,0,T,0,0,EWR
2017-01-23,46,37,41.5,9.3,23,0,1.24,T,0,EWR
2017-01-24,41,36,38.5,6.3,26,0,0.78,T,0,EWR
2017-01-25,52,37,44.5,12.3,20,0,0,0,0,EWR
2017-01-26,56,42,49,16.7,16,0,0.03,0,0,EWR
2017-01-27,46,35,40.5,8.2,24,0,T,T,0,EWR
2017-01-28,39,33,36,3.6,29,0,T,T,0,EWR
2017-01-29,45,30,37.5,5,27,0,0,0,0,EWR
2017-01-30,40,29,34.5,2,30,0,0,0,0,EWR
2017-01-31,32,25,28.5,-4.1,36,0,0.03,0.5,0,EWR
2017-02-01,49,29,39,6.3,26,0,0,0,T,EWR
2017-02-02,47,31,39,6.1,26,0,T,T,0,EWR
2017-02-03,35,25,30,-3,35,0,0,0,0,EWR
2017-02-04,36,21,28.5,-4.6,36,0,0,0,0,EWR
2017-02-05,42,28,35,1.7,30,0,0,0,0,EWR
2017-02-06,51,37,44,10.6,21,0,0,0,0,EWR
2017-02-07,41,33,37,3.4,28,0,0.27,0,0,EWR
2017-02-08,65,39,52,18.3,13,0,0.04,0,0,EWR
2017-02-09,43,19,31,-2.9,34,0,0.81,7.8,2,EWR
2017-02-10,32,18,25,-9.1,40,0,T,T,6,EWR
2017-02-11,48,30,39,4.8,26,0,0,0,5,EWR
2017-02-12,40,32,36,1.6,29,0,0.43,0.1,3,EWR
2017-02-13,38,30,34,-0.6,31,0,T,T,2,EWR
2017-02-14,42,27,34.5,-0.3,30,0,0,0,2,EWR
2017-02-15,52,32,42,7,23,0,T,0,1,EWR
2017-02-16,38,29,33.5,-1.8,31,0,0,0,0,EWR
2017-02-17,44,27,35.5,0,29,0,0,0,0,EWR
2017-02-18,66,30,48,12.3,17,0,0,0,0,EWR
2017-02-19,69,47,58,22.1,7,0,0,0,0,EWR
2017-02-20,56,37,46.5,10.4,18,0,0,0,0,EWR
2017-02-21,46,30,38,1.6,27,0,0,0,0,EWR
2017-02-22,59,41,50,13.4,15,0,T,0,0,EWR
2017-02-23,67,43,55,18.2,10,0,T,0,0,EWR
2017-02-24,74,53,63.5,26.4,1,0,0,0,0,EWR
2017-02-25,66,46,56,18.7,9,0,0.54,0,0,EWR
2017-02-26,46,32,39,1.4,26,0,T,0,0,EWR
2017-02-27,55,30,42.5,4.7,22,0,0,0,0,EWR
2017-02-28,60,44,52,14,13,0,T,0,0,EWR
2017-03-01,73,52,62.5,24.2,2,0,0.16,0,0,EWR
2017-03-02,65,36,50.5,12,14,0,T,0,0,EWR
2017-03-03,42,25,33.5,-5.3,31,0,T,T,0,EWR
2017-03-04,32,17,24.5,-14.6,40,0,0,0,0,EWR
2017-03-05,38,14,26,-13.3,39,0,0,0,0,EWR
2017-03-06,44,22,33,-6.6,32,0,0,0,0,EWR
2017-03-07,57,42,49.5,9.7,15,0,0.09,0,0,EWR
2017-03-08,62,49,55.5,15.4,9,0,T,0,0,EWR
2017-03-09,65,49,57,16.6,8,0,0,0,0,EWR
2017-03-10,49,24,36.5,-4.2,28,0,0.26,2.4,T,EWR
2017-03-11,31,18,24.5,-16.4,40,0,T,T,1,EWR
2017-03-12,32,20,26,-15.2,39,0,0,0,T,EWR
2017-03-13,37,20,28.5,-13,36,0,T,0.1,0,EWR
2017-03-14,32,22,27,-14.8,38,0,1.15,6.9,4,EWR
2017-03-15,27,20,23.5,-18.6,41,0,T,T,5,EWR
2017-03-16,41,23,32,-10.4,33,0,0,0,5,EWR
2017-03-17,47,26,36.5,-6.2,28,0,0,0,4,EWR
2017-03-18,39,28,33.5,-9.5,31,0,0.05,T,3,EWR
2017-03-19,48,33,40.5,-2.8,24,0,0,0,3,EWR
2017-03-20,55,34,44.5,0.9,20,0,0,0,1,EWR
2017-03-21,62,42,52,8.1,13,0,T,0,0,EWR
2017-03-22,49,24,36.5,-7.8,28,0,0,0,0,EWR
2017-03-23,45,23,34,-10.6,31,0,0,0,0,EWR
2017-03-24,58,31,44.5,-0.4,20,0,T,0,0,EWR
2017-03-25,62,44,53,7.7,12,0,0.01,0,0,EWR
2017-03-26,44,39,41.5,-4.1,23,0,0.05,0,0,EWR
2017-03-27,56,39,47.5,1.5,17,0,0.23,0,0,EWR
2017-03-28,49,41,45,-1.3,20,0,0.99,0,0,EWR
2017-03-29,61,41,51,4.3,14,0,0,0,0,EWR
2017-03-30,52,35,43.5,-3.6,21,0,0.02,0,0,EWR
2017-03-31,42,38,40,-7.4,25,0,2.06,0,0,EWR
2017-04-01,50,36,43,-4.8,22,0,0.02,0,0,EWR
2017-04-02,65,41,53,4.8,12,0,0,0,0,EWR
2017-04-03,62,44,53,4.4,12,0,0.04,0,0,EWR
2017-04-04,53,47,50,1.1,15,0,1.22,0,0,EWR
2017-04-05,63,45,54,4.7,11,0,0,0,0,EWR
2017-04-06,50,42,46,-3.7,19,0,0.76,0,0,EWR
2017-04-07,50,40,45,-5.1,20,0,T,0,0,EWR
2017-04-08,60,40,50,-0.5,15,0,T,0,0,EWR
2017-04-09,70,40,55,4.1,10,0,0,0,0,EWR
2017-04-10,82,48,65,13.7,0,0,0,0,0,EWR
2017-04-11,84,56,70,18.3,0,5,0,0,0,EWR
2017-04-12,78,59,68.5,16.4,0,4,0.03,0,0,EWR
2017-04-13,66,48,57,4.5,8,0,0,0,0,EWR
2017-04-14,64,44,54,1.1,11,0,0,0,0,EWR
2017-04-15,67,47,57,3.8,8,0,T,0,0,EWR
2017-04-16,87,58,72.5,18.9,0,8,0.05,0,0,EWR
2017-04-17,75,58,66.5,12.5,0,2,0,0,0,EWR
2017-04-18,64,48,56,1.6,9,0,0,0,0,EWR
2017-04-19,52,46,49,-5.8,16,0,T,0,0,EWR
2017-04-20,67,51,59,3.9,6,0,0.05,0,0,EWR
2017-04-21,57,49,53,-2.5,12,0,0.14,0,0,EWR
2017-04-22,57,50,53.5,-2.4,11,0,0.04,0,0,EWR
2017-04-23,65,44,54.5,-1.7,10,0,0,0,0,EWR
2017-04-24,59,47,53,-3.6,12,0,T,0,0,EWR
2017-04-25,56,51,53.5,-3.4,11,0,0.88,0,0,EWR
2017-04-26,62,53,57.5,0.2,7,0,0.1,0,0,EWR
2017-04-27,69,55,62,4.4,3,0,T,0,0,EWR
2017-04-28,86,55,70.5,12.5,0,6,T,0,0,EWR
2017-04-29,86,65,75.5,17.2,0,11,0.16,0,0,EWR
2017-04-30,69,51,60,1.4,5,0,0,0,0,EWR
2017-05-01,75,50,62.5,3.6,2,0,0,0,0,EWR
2017-05-02,76,63,69.5,10.3,0,5,T,0,0,EWR
2017-05-03,67,49,58,-1.5,7,0,0,0,0,EWR
2017-05-04,61,44,52.5,-7.3,12,0,0,0,0,EWR
2017-05-05,60,53,56.5,-3.6,8,0,3.05,0,0,EWR
2017-05-06,66,53,59.5,-0.9,5,0,0.1,0,0,EWR
2017-05-07,58,47,52.5,-8.2,12,0,T,0,0,EWR
2017-05-08,60,43,51.5,-9.5,13,0,T,0,0,EWR
2017-05-09,64,45,54.5,-6.8,10,0,0,0,0,EWR
2017-05-10,64,49,56.5,-5.1,8,0,0,0,0,EWR
2017-05-11,62,46,54,-7.8,11,0,0,0,0,EWR
2017-05-12,62,45,53.5,-8.6,11,0,0,0,0,EWR
2017-05-13,53,43,48,-14.4,17,0,1.79,0,0,EWR
2017-05-14,70,44,57,-5.7,8,0,0.09,0,0,EWR
2017-05-15,71,53,62,-0.9,3,0,0,0,0,EWR
2017-05-16,81,55,68,4.8,0,3,0,0,0,EWR
2017-05-17,92,59,75.5,12,0,11,0,0,0,EWR
2017-05-18,94,74,84,20.2,0,19,0,0,0,EWR
2017-05-19,93,66,79.5,15.4,0,15,0,0,0,EWR
2017-05-20,66,53,59.5,-4.8,5,0,T,0,0,EWR
2017-05-21,66,51,58.5,-6.1,6,0,0,0,0,EWR
2017-05-22,60,55,57.5,-7.4,7,0,0.7,0,0,EWR
2017-05-23,70,56,63,-2.2,2,0,0,0,0,EWR
2017-05-24,70,57,63.5,-2,1,0,0.04,0,0,EWR
2017-05-25,59,56,57.5,-8.3,7,0,0.95,0,0,EWR
2017-05-26,76,55,65.5,-0.6,0,1,0.15,0,0,EWR
2017-05-27,74,58,66,-0.4,0,1,0,0,0,EWR
2017-05-28,71,58,64.5,-2.2,0,0,T,0,0,EWR
2017-05-29,61,57,59,-8,6,0,0.14,0,0,EWR
2017-05-30,59,55,57,-10.3,8,0,0.18,0,0,EWR
2017-05-31,80,58,69,1.3,0,4,0.05,0,0,EWR
2017-06-01,82,61,71.5,3.5,0,7,0,0,0,EWR
2017-06-02,80,58,69,0.7,0,4,0,0,0,EWR
2017-06-03,76,55,65.5,-3.1,0,1,0.03,0,0,EWR
2017-06-04,70,54,62,-7,3,0,0.1,0,0,EWR
2017-06-05,71,56,63.5,-5.8,1,0,0.05,0,0,EWR
2017-06-06,60,53,56.5,-13.1,8,0,0.05,0,0,EWR
2017-06-07,70,52,61,-9,4,0,0,0,0,EWR
2017-06-08,72,54,63,-7.3,2,0,0,0,0,EWR
2017-06-09,84,52,68,-2.7,0,3,0,0,0,EWR
2017-06-10,88,61,74.5,3.5,0,10,0,0,0,EWR
2017-06-11,94,67,80.5,9.1,0,16,0,0,0,EWR
2017-06-12,97,69,83,11.3,0,18,0,0,0,EWR
2017-06-13,99,72,85.5,13.5,0,21,0,0,0,EWR
2017-06-14,83,69,76,3.6,0,11,0.17,0,0,EWR
2017-06-15,74,65,69.5,-3.2,0,5,0,0,0,EWR
2017-06-16,71,64,67.5,-5.5,0,3,T,0,0,EWR
2017-06-17,73,64,68.5,-4.8,0,4,1.24,0,0,EWR
2017-06-18,89,68,78.5,4.8,0,14,T,0,0,EWR
2017-06-19,91,69,80,6,0,15,1.51,0,0,EWR
2017-06-20,87,69,78,3.7,0,13,0.02,0,0,EWR
2017-06-21,87,68,77.5,2.9,0,13,0,0,0,EWR
2017-06-22,84,65,74.5,-0.4,0,10,0,0,0,EWR
2017-06-23,87,77,82,6.8,0,17,0.41,0,0,EWR
2017-06-24,88,69,78.5,3.1,0,14,1.56,0,0,EWR
2017-06-25,86,68,77,1.3,0,12,T,0,0,EWR
2017-06-26,82,64,73,-2.9,0,8,0,0,0,EWR
2017-06-27,80,62,71,-5.2,0,6,0.15,0,0,EWR
2017-06-28,81,58,69.5,-6.9,0,5,0,0,0,EWR
2017-06-29,86,64,75,-1.6,0,10,0,0,0,EWR
2017-06-30,91,73,82,5.2,0,17,T,0,0,EWR
2017-07-01,85,71,78,1,0,13,0.47,0,0,EWR
2017-07-02,90,69,79.5,2.3,0,15,0,0,0,EWR
2017-07-03,90,71,80.5,3.1,0,16,T,0,0,EWR
2017-07-04,88,71,79.5,2,0,15,T,0,0,EWR
2017-07-05,85,69,77,-0.7,0,12,0,0,0,EWR
2017-07-06,78,71,74.5,-3.3,0,10,T,0,0,EWR
2017-07-07,83,66,74.5,-3.4,0,10,2.15,0,0,EWR
2017-07-08,87,68,77.5,-0.6,0,13,0,0,0,EWR
2017-07-09,84,68,76,-2.2,0,11,0,0,0,EWR
2017-07-10,87,64,75.5,-2.7,0,11,T,0,0,EWR
2017-07-11,89,74,81.5,3.2,0,17,0.04,0,0,EWR
2017-07-12,91,76,83.5,5.1,0,19,0.01,0,0,EWR
2017-07-13,93,73,83,4.6,0,18,0.03,0,0,EWR
2017-07-14,73,66,69.5,-9,0,5,0.3,0,0,EWR
2017-07-15,88,67,77.5,-1,0,13,0.01,0,0,EWR
2017-07-16,87,68,77.5,-1,0,13,0,0,0,EWR
2017-07-17,85,70,77.5,-1,0,13,0,0,0,EWR
2017-07-18,87,72,79.5,1,0,15,0,0,0,EWR
2017-07-19,95,75,85,6.5,0,20,T,0,0,EWR
2017-07-20,98,76,87,8.5,0,22,T,0,0,EWR
2017-07-21,94,75,84.5,6,0,20,0,0,0,EWR
2017-07-22,92,71,81.5,3,0,17,0.39,0,0,EWR
2017-07-23,81,70,75.5,-2.9,0,11,0.05,0,0,EWR
2017-07-24,75,65,70,-8.4,0,5,0.9,0,0,EWR
2017-07-25,73,62,67.5,-10.8,0,3,0.01,0,0,EWR
2017-07-26,76,66,71,-7.3,0,6,0,0,0,EWR
2017-07-27,80,64,72,-6.2,0,7,T,0,0,EWR
2017-07-28,85,71,78,-0.2,0,13,0,0,0,EWR
2017-07-29,78,67,72.5,-5.6,0,8,T,0,0,EWR
2017-07-30,83,60,71.5,-6.6,0,7,0,0,0,EWR
2017-07-31,91,64,77.5,-0.5,0,13,0,0,0,EWR
2017-08-01,93,69,81,3.1,0,16,0,0,0,EWR
2017-08-02,86,70,78,0.2,0,13,0.99,0,0,EWR
2017-08-03,85,68,76.5,-1.3,0,12,0.01,0,0,EWR
2017-08-04,85,70,77.5,-0.2,0,13,0.85,0,0,EWR
2017-08-05,81,67,74,-3.6,0,9,0.64,0,0,EWR
2017-08-06,78,63,70.5,-7,0,6,0,0,0,EWR
2017-08-07,70,64,67,-10.4,0,2,0.65,0,0,EWR
2017-08-08,80,65,72.5,-4.9,0,8,0,0,0,EWR
2017-08-09,84,64,74,-3.3,0,9,0,0,0,EWR
2017-08-10,86,65,75.5,-1.7,0,11,0,0,0,EWR
2017-08-11,81,68,74.5,-2.6,0,10,0.01,0,0,EWR
2017-08-12,77,65,71,-6,0,6,0.12,0,0,EWR
2017-08-13,85,69,77,0.1,0,12,0,0,0,EWR
2017-08-14,81,67,74,-2.8,0,9,T,0,0,EWR
2017-08-15,74,68,71,-5.7,0,6,0.51,0,0,EWR
2017-08-16,87,70,78.5,2,0,14,0,0,0,EWR
2017-08-17,81,66,73.5,-2.9,0,9,0,0,0,EWR
2017-08-18,84,73,78.5,2.2,0,14,0.68,0,0,EWR
2017-08-19,89,73,81,4.8,0,16,0,0,0,EWR
2017-08-20,85,68,76.5,0.5,0,12,0,0,0,EWR
2017-08-21,88,66,77,1.1,0,12,0,0,0,EWR
2017-08-22,91,73,82,6.3,0,17,0.7,0,0,EWR
2017-08-23,83,69,76,0.4,0,11,T,0,0,EWR
2017-08-24,81,66,73.5,-1.9,0,9,0,0,0,EWR
2017-08-25,79,61,70,-5.3,0,5,0,0,0,EWR
2017-08-26,79,59,69,-6.1,0,4,0,0,0,EWR
2017-08-27,78,59,68.5,-6.4,0,4,0,0,0,EWR
2017-08-28,76,60,68,-6.7,0,3,0,0,0,EWR
2017-08-29,69,61,65,-9.5,0,0,0.3,0,0,EWR
2017-08-30,80,60,70,-4.3,0,5,T,0,0,EWR
2017-08-31,84,61,72.5,-1.6,0,8,0.03,0,0,EWR
2017-09-01,73,55,64,-9.8,1,0,0,0,0,EWR
2017-09-02,68,49,58.5,-15.1,6,0,0.6,0,0,EWR
2017-09-03,73,60,66.5,-6.8,0,2,0.48,0,0,EWR
2017-09-04,82,58,70,-3.1,0,5,0,0,0,EWR
2017-09-05,87,67,77,4.2,0,12,0.03,0,0,EWR
2017-09-06,71,61,66,-6.5,0,1,0.37,0,0,EWR
2017-09-07,74,59,66.5,-5.7,0,2,0.03,0,0,EWR
2017-09-08,74,54,64,-8,1,0,0,0,0,EWR
2017-09-09,72,54,63,-8.6,2,0,0,0,0,EWR
2017-09-10,75,55,65,-6.3,0,0,0,0,0,EWR
2017-09-11,79,53,66,-5,0,1,0,0,0,EWR
2017-09-12,82,57,69.5,-1.2,0,5,0,0,0,EWR
2017-09-13,84,59,71.5,1.2,0,7,0.17,0,0,EWR
2017-09-14,83,69,76,6,0,11,0,0,0,EWR
2017-09-15,82,65,73.5,3.9,0,9,T,0,0,EWR
2017-09-16,82,67,74.5,5.2,0,10,0,0,0,EWR
2017-09-17,82,69,75.5,6.6,0,11,0,0,0,EWR
2017-09-18,75,69,72,3.5,0,7,T,0,0,EWR
2017-09-19,81,69,75,6.9,0,10,0.04,0,0,EWR
2017-09-20,81,71,76,8.3,0,11,0,0,0,EWR
2017-09-21,84,71,77.5,10.1,0,13,0,0,0,EWR
2017-09-22,85,66,75.5,8.5,0,11,0,0,0,EWR
2017-09-23,90,70,80,13.4,0,15,0,0,0,EWR
2017-09-24,92,65,78.5,12.3,0,14,0,0,0,EWR
2017-09-25,90,69,79.5,13.7,0,15,0,0,0,EWR
2017-09-26,84,67,75.5,10.1,0,11,0,0,0,EWR
2017-09-27,88,69,78.5,13.6,0,14,0,0,0,EWR
2017-09-28,79,60,69.5,5,0,5,0,0,0,EWR
2017-09-29,70,54,62,-2.1,3,0,0,0,0,EWR
2017-09-30,68,53,60.5,-3.2,4,0,T,0,0,EWR
2017-10-01,71,49,60,-3.3,5,0,0,0,0,EWR
2017-10-02,75,47,61,-1.9,4,0,0,0,0,EWR
2017-10-03,70,51,60.5,-2,4,0,0,0,0,EWR
2017-10-04,78,50,64,1.9,1,0,0,0,0,EWR
2017-10-05,86,63,74.5,12.8,0,10,T,0,0,EWR
2017-10-06,85,68,76.5,15.2,0,12,0,0,0,EWR
2017-10-07,82,65,73.5,12.6,0,9,0,0,0,EWR
2017-10-08,79,73,76,15.5,0,11,0.22,0,0,EWR
2017-10-09,77,72,74.5,14.4,0,10,0.26,0,0,EWR
2017-10-10,83,66,74.5,14.8,0,10,0,0,0,EWR
2017-10-11,76,63,69.5,10.2,0,5,0.01,0,0,EWR
2017-10-12,65,56,60.5,1.6,4,0,0.05,0,0,EWR
2017-10-13,67,50,58.5,0,6,0,T,0,0,EWR
2017-10-14,74,61,67.5,9.4,0,3,0.1,0,0,EWR
2017-10-15,73,65,69,11.2,0,4,T,0,0,EWR
2017-10-16,69,47,58,0.6,7,0,0.01,0,0,EWR
2017-10-17,62,40,51,-6,14,0,0,0,0,EWR
2017-10-18,74,45,59.5,2.9,5,0,0,0,0,EWR
2017-10-19,74,48,61,4.7,4,0,0,0,0,EWR
2017-10-20,76,55,65.5,9.6,0,1,0,0,0,EWR
2017-10-21,81,52,66.5,10.9,0,2,0,0,0,EWR
2017-10-22,75,50,62.5,7.3,2,0,0,0,0,EWR
2017-10-23,75,58,66.5,11.7,0,2,T,0,0,EWR
2017-10-24,77,66,71.5,17,0,7,0.21,0,0,EWR
2017-10-25,68,52,60,5.9,5,0,0,0,0,EWR
2017-10-26,60,48,54,0.2,11,0,T,0,0,EWR
2017-10-27,65,41,53,-0.4,12,0,0,0,0,EWR
2017-10-28,71,47,59,5.9,6,0,0,0,0,EWR
2017-10-29,68,61,64.5,11.7,0,0,3.86,0,0,EWR
2017-10-30,61,48,54.5,2.1,10,0,0.22,0,0,EWR
2017-10-31,59,45,52,-0.1,13,0,0,0,0,EWR
2017-11-01,58,39,48.5,-3.2,16,0,0,0,0,EWR
2017-11-02,75,55,65,13.6,0,0,0,0,0,EWR
2017-11-03,76,50,63,11.9,2,0,0,0,0,EWR
2017-11-04,57,43,50,-0.7,15,0,T,0,0,EWR
2017-11-05,62,53,57.5,7.1,7,0,0.05,0,0,EWR
2017-11-06,67,47,57,7,8,0,T,0,0,EWR
2017-11-07,50,39,44.5,-5.2,20,0,0.69,T,0,EWR
2017-11-08,51,39,45,-4.4,20,0,T,0,0,EWR
2017-11-09,54,37,45.5,-3.5,19,0,T,0,0,EWR
2017-11-10,50,25,37.5,-11.2,27,0,0.01,0,0,EWR
2017-11-11,41,24,32.5,-15.9,32,0,0,0,0,EWR
2017-11-12,48,28,38,-10.1,27,0,0,0,0,EWR
2017-11-13,48,38,43,-4.7,22,0,0.09,0,0,EWR
2017-11-14,49,36,42.5,-4.9,22,0,0,0,0,EWR
2017-11-15,53,34,43.5,-3.6,21,0,0,0,0,EWR
2017-11-16,59,44,51.5,4.8,13,0,0.15,0,0,EWR
2017-11-17,50,37,43.5,-2.9,21,0,T,0,0,EWR
2017-11-18,54,30,42,-4.1,23,0,0.12,0,0,EWR
2017-11-19,59,39,49,3.2,16,0,0.26,0,0,EWR
2017-11-20,48,35,41.5,-4,23,0,T,T,0,EWR
2017-11-21,60,36,48,2.9,17,0,0,0,0,EWR
2017-11-22,55,35,45,0.2,20,0,0.12,0,0,EWR
2017-11-23,46,31,38.5,-6,26,0,0,0,0,EWR
2017-11-24,52,27,39.5,-4.7,25,0,0,0,0,EWR
2017-11-25,59,33,46,2.1,19,0,0,0,0,EWR
2017-11-26,51,37,44,0.4,21,0,0,0,0,EWR
2017-11-27,54,37,45.5,2.2,19,0,0,0,0,EWR
2017-11-28,53,32,42.5,-0.4,22,0,0,0,0,EWR
2017-11-29,66,39,52.5,9.9,12,0,0,0,0,EWR
2017-11-30,51,32,41.5,-0.8,23,0,0.02,0,0,EWR
2017-12-01,52,36,44,2,21,0,0,0,0,EWR
2017-12-02,49,32,40.5,-1.2,24,0,0,0,0,EWR
2017-12-03,49,38,43.5,2.1,21,0,0,0,0,EWR
2017-12-04,52,32,42,0.8,23,0,0,0,0,EWR
2017-12-05,64,50,57,16.1,8,0,0.31,0,0,EWR
2017-12-06,59,37,48,7.4,17,0,T,0,0,EWR
2017-12-07,46,31,38.5,-1.8,26,0,0,0,0,EWR
2017-12-08,39,32,35.5,-4.5,29,0,0,0,0,EWR
2017-12-09,35,30,32.5,-7.2,32,0,0.37,4.3,0,EWR
2017-12-10,40,27,33.5,-6,31,0,T,T,4,EWR
2017-12-11,43,32,37.5,-1.7,27,0,0,0,1,EWR
2017-12-12,50,29,39.5,0.6,25,0,T,0,0,EWR
2017-12-13,34,20,27,-11.6,38,0,T,T,0,EWR
2017-12-14,34,22,28,-10.4,37,0,0.08,1.7,2,EWR
2017-12-15,27,18,22.5,-15.6,42,0,0.1,1.1,T,EWR
2017-12-16,39,17,28,-9.9,37,0,0,0,1,EWR
2017-12-17,38,32,35,-2.6,30,0,0,0,0,EWR
2017-12-18,48,34,41,3.6,24,0,0.04,T,0,EWR
2017-12-19,57,43,50,12.9,15,0,0,0,0,EWR
2017-12-20,50,34,42,5.1,23,0,0,0,0,EWR
2017-12-21,42,30,36,-0.6,29,0,0,0,0,EWR
2017-12-22,49,33,41,4.6,24,0,0,0,0,EWR
2017-12-23,50,39,44.5,8.3,20,0,0.51,0,0,EWR
2017-12-24,41,37,39,3.1,26,0,T,T,0,EWR
2017-12-25,38,28,33,-2.7,32,0,0.2,0.1,0,EWR
2017-12-26,30,22,26,-9.5,39,0,0,0,0,EWR
2017-12-27,26,17,21.5,-13.8,43,0,0,0,0,EWR
2017-12-28,20,12,16,-19.1,49,0,0,0,0,EWR
2017-12-29,25,12,18.5,-16.4,46,0,0,0,0,EWR
2017-12-30,23,15,19,-15.7,46,0,0.03,0.5,0,EWR
2017-12-31,19,9,14,-20.5,51,0,0,0,1,EWR
2017-01-01,49,39,44,7.9,21,0,T,0,0,LGA
2017-01-02,42,38,40,4.1,25,0,0.18,T,0,LGA
2017-01-03,47,40,43.5,7.8,21,0,0.45,0,0,LGA
2017-01-04,54,36,45,9.5,20,0,T,0,0,LGA
2017-01-05,36,28,32,-3.4,33,0,0,0,0,LGA
2017-01-06,35,28,31.5,-3.7,33,0,0.04,1.3,1,LGA
2017-01-07,28,22,25,-10,40,0,0.28,7,T,LGA
2017-01-08,27,19,23,-11.9,42,0,0,0,7,LGA
2017-01-09,24,17,20.5,-14.2,44,0,0,0,5,LGA
2017-01-10,47,23,35,0.4,30,0,0,0,3,LGA
2017-01-11,54,44,49,14.5,16,0,0.52,0,0,LGA
2017-01-12,68,48,58,23.6,7,0,0.05,0,0,LGA
2017-01-13,63,34,48.5,14.3,16,0,T,0,0,LGA
2017-01-14,34,29,31.5,-2.7,33,0,0.1,0.6,0,LGA
2017-01-15,41,33,37,2.9,28,0,0,0,1,LGA
2017-01-16,44,31,37.5,3.5,27,0,0,0,0,LGA
2017-01-17,43,39,41,7.1,24,0,0.37,0,0,LGA
2017-01-18,45,39,42,8.1,23,0,0.11,0,0,LGA
2017-01-19,50,41,45.5,11.7,19,0,0,0,0,LGA
2017-01-20,46,41,43.5,9.7,21,0,0.07,0,0,LGA
2017-01-21,51,41,46,12.2,19,0,0,0,0,LGA
2017-01-22,50,43,46.5,12.7,18,0,0.03,0,0,LGA
2017-01-23,45,38,41.5,7.7,23,0,0.85,0,0,LGA
2017-01-24,41,38,39.5,5.7,25,0,1,0,0,LGA
2017-01-25,53,39,46,12.2,19,0,0,0,0,LGA
2017-01-26,57,45,51,17.2,14,0,0.02,0,0,LGA
2017-01-27,45,38,41.5,7.6,23,0,0,0,0,LGA
2017-01-28,40,36,38,4.1,27,0,0,0,0,LGA
2017-01-29,45,37,41,7,24,0,0,0,0,LGA
2017-01-30,38,32,35,0.9,30,0,0,0,0,LGA
2017-01-31,35,28,31.5,-2.6,33,0,0.06,1.2,0,LGA
2017-02-01,49,34,41.5,7.3,23,0,0,0,T,LGA
2017-02-02,46,34,40,5.7,25,0,0,0,0,LGA
2017-02-03,35,28,31.5,-2.9,33,0,0,0,0,LGA
2017-02-04,36,24,30,-4.6,35,0,0,0,0,LGA
2017-02-05,45,33,39,4.3,26,0,0,0,0,LGA
2017-02-06,50,38,44,9.2,21,0,0,0,0,LGA
2017-02-07,43,38,40.5,5.6,24,0,0.23,0,0,LGA
2017-02-08,62,39,50.5,15.4,14,0,0.02,0,0,LGA
2017-02-09,44,19,31.5,-3.7,33,0,0.87,10,2,LGA
2017-02-10,34,19,26.5,-8.9,38,0,T,T,8,LGA
2017-02-11,49,31,40,4.4,25,0,0,0,6,LGA
2017-02-12,40,32,36,0.3,29,0,0.42,0.3,2,LGA
2017-02-13,42,33,37.5,1.6,27,0,0.01,0,1,LGA
2017-02-14,42,31,36.5,0.4,28,0,0,0,T,LGA
2017-02-15,50,36,43,6.7,22,0,T,0,T,LGA
2017-02-16,38,31,34.5,-1.9,30,0,0,0,T,LGA
2017-02-17,44,29,36.5,-0.1,28,0,0,0,0,LGA
2017-02-18,65,36,50.5,13.7,14,0,0,0,0,LGA
2017-02-19,66,53,59.5,22.5,5,0,0,0,0,LGA
2017-02-20,55,40,47.5,10.3,17,0,0,0,0,LGA
2017-02-21,47,36,41.5,4.1,23,0,0,0,0,LGA
2017-02-22,59,44,51.5,13.9,13,0,0,0,0,LGA
2017-02-23,65,42,53.5,15.7,11,0,0,0,0,LGA
2017-02-24,70,49,59.5,21.5,5,0,0,0,0,LGA
2017-02-25,65,47,56,17.8,9,0,0.32,0,0,LGA
2017-02-26,47,39,43,4.6,22,0,0,0,0,LGA
2017-02-27,54,37,45.5,6.8,19,0,0,0,0,LGA
2017-02-28,58,44,51,12.1,14,0,0,0,0,LGA
2017-03-01,71,53,62,22.9,3,0,0.12,0,0,LGA
2017-03-02,66,38,52,12.7,13,0,0,0,0,LGA
2017-03-03,42,27,34.5,-5.1,30,0,0,0,0,LGA
2017-03-04,32,19,25.5,-14.3,39,0,0,0,0,LGA
2017-03-05,38,17,27.5,-12.5,37,0,0,0,0,LGA
2017-03-06,45,28,36.5,-3.8,28,0,0,0,0,LGA
2017-03-07,53,43,48,7.5,17,0,0.1,0,0,LGA
2017-03-08,62,49,55.5,14.8,9,0,0.06,0,0,LGA
2017-03-09,65,49,57,16,8,0,0,0,0,LGA
2017-03-10,49,27,38,-3.2,27,0,0.24,2.4,0,LGA
2017-03-11,31,20,25.5,-16,39,0,0,0,1,LGA
2017-03-12,32,22,27,-14.7,38,0,0,0,T,LGA
2017-03-13,37,23,30,-12,35,0,T,T,0,LGA
2017-03-14,34,24,29,-13.3,36,0,1.03,7.4,6,LGA
2017-03-15,30,23,26.5,-16.1,38,0,T,T,7,LGA
2017-03-16,41,27,34,-8.8,31,0,0,0,6,LGA
2017-03-17,49,32,40.5,-2.6,24,0,0,0,5,LGA
2017-03-18,41,34,37.5,-5.9,27,0,0.07,T,4,LGA
2017-03-19,48,36,42,-1.7,23,0,0,0,3,LGA
2017-03-20,54,37,45.5,1.5,19,0,0,0,2,LGA
2017-03-21,62,45,53.5,9.2,11,0,0,0,T,LGA
2017-03-22,51,26,38.5,-6.1,26,0,0,0,0,LGA
2017-03-23,45,26,35.5,-9.5,29,0,0,0,0,LGA
2017-03-24,58,38,48,2.7,17,0,T,0,0,LGA
2017-03-25,57,44,50.5,4.9,14,0,T,0,0,LGA
2017-03-26,44,39,41.5,-4.5,23,0,0.12,0,0,LGA
2017-03-27,50,39,44.5,-1.8,20,0,0.2,0,0,LGA
2017-03-28,45,42,43.5,-3.2,21,0,0.65,0,0,LGA
2017-03-29,59,44,51.5,4.5,13,0,0,0,0,LGA
2017-03-30,53,41,47,-0.4,18,0,T,0,0,LGA
2017-03-31,46,40,43,-4.7,22,0,2.1,0,0,LGA
2017-04-01,48,39,43.5,-4.6,21,0,0.01,0,0,LGA
2017-04-02,63,43,53,4.5,12,0,0,0,0,LGA
2017-04-03,63,48,55.5,6.6,9,0,0.03,0,0,LGA
2017-04-04,54,45,49.5,0.3,15,0,1.6,0,0,LGA
2017-04-05,63,45,54,4.4,11,0,0,0,0,LGA
2017-04-06,54,43,48.5,-1.5,16,0,0.85,0,0,LGA
2017-04-07,53,43,48,-2.4,17,0,T,0,0,LGA
2017-04-08,58,42,50,-0.8,15,0,0,0,0,LGA
2017-04-09,68,46,57,5.8,8,0,0,0,0,LGA
2017-04-10,73,52,62.5,10.9,2,0,0,0,0,LGA
2017-04-11,78,57,67.5,15.5,0,3,0,0,0,LGA
2017-04-12,77,54,65.5,13.1,0,1,0.03,0,0,LGA
2017-04-13,66,50,58,5.2,7,0,0,0,0,LGA
2017-04-14,66,50,58,4.9,7,0,0,0,0,LGA
2017-04-15,63,52,57.5,4,7,0,0,0,0,LGA
2017-04-16,88,60,74,20.1,0,9,T,0,0,LGA
2017-04-17,73,59,66,11.7,0,1,T,0,0,LGA
2017-04-18,65,49,57,2.3,8,0,0,0,0,LGA
2017-04-19,54,46,50,-5.1,15,0,T,0,0,LGA
2017-04-20,66,49,57.5,2.1,7,0,0.24,0,0,LGA
2017-04-21,54,48,51,-4.8,14,0,0.27,0,0,LGA
2017-04-22,56,49,52.5,-3.7,12,0,0.07,0,0,LGA
2017-04-23,65,48,56.5,0,8,0,0,0,0,LGA
2017-04-24,59,48,53.5,-3.4,11,0,T,0,0,LGA
2017-04-25,57,50,53.5,-3.7,11,0,0.64,0,0,LGA
2017-04-26,62,53,57.5,-0.1,7,0,0.28,0,0,LGA
2017-04-27,69,56,62.5,4.6,2,0,0.01,0,0,LGA
2017-04-28,85,55,70,11.7,0,5,T,0,0,LGA
2017-04-29,88,65,76.5,17.9,0,12,0.06,0,0,LGA
2017-04-30,69,53,61,2.1,4,0,0,0,0,LGA
2017-05-01,73,50,61.5,2.2,3,0,T,0,0,LGA
2017-05-02,78,62,70,10.4,0,5,T,0,0,LGA
2017-05-03,67,55,61,1.1,4,0,0,0,0,LGA
2017-05-04,66,51,58.5,-1.7,6,0,0,0,0,LGA
2017-05-05,64,53,58.5,-2,6,0,2.27,0,0,LGA
2017-05-06,67,56,61.5,0.7,3,0,0.06,0,0,LGA
2017-05-07,58,50,54,-7.1,11,0,T,0,0,LGA
2017-05-08,62,48,55,-6.4,10,0,0,0,0,LGA
2017-05-09,64,49,56.5,-5.2,8,0,0,0,0,LGA
2017-05-10,65,52,58.5,-3.5,6,0,0,0,0,LGA
2017-05-11,64,52,58,-4.3,7,0,0,0,0,LGA
2017-05-12,64,52,58,-4.6,7,0,0,0,0,LGA
2017-05-13,55,47,51,-11.9,14,0,1.74,0,0,LGA
2017-05-14,70,47,58.5,-4.6,6,0,0.01,0,0,LGA
2017-05-15,70,54,62,-1.4,3,0,0,0,0,LGA
2017-05-16,83,59,71,7.3,0,6,0,0,0,LGA
2017-05-17,94,66,80,16,0,15,0,0,0,LGA
2017-05-18,97,80,88.5,24.2,0,24,0,0,0,LGA
2017-05-19,96,68,82,17.4,0,17,0,0,0,LGA
2017-05-20,68,58,63,-1.9,2,0,0.01,0,0,LGA
2017-05-21,71,57,64,-1.2,1,0,0,0,0,LGA
2017-05-22,63,57,60,-5.5,5,0,0.64,0,0,LGA
2017-05-23,70,59,64.5,-1.3,0,0,0,0,0,LGA
2017-05-24,69,57,63,-3.1,2,0,0.03,0,0,LGA
2017-05-25,59,56,57.5,-8.9,7,0,0.87,0,0,LGA
2017-05-26,76,57,66.5,-0.2,0,2,0.12,0,0,LGA
2017-05-27,72,62,67,0,0,2,0,0,0,LGA
2017-05-28,71,58,64.5,-2.8,0,0,0,0,0,LGA
2017-05-29,62,56,59,-8.7,6,0,0.16,0,0,LGA
2017-05-30,64,55,59.5,-8.5,5,0,0.03,0,0,LGA
2017-05-31,78,58,68,-0.3,0,3,0.05,0,0,LGA
2017-06-01,82,60,71,2.4,0,6,T,0,0,LGA
2017-06-02,79,60,69.5,0.5,0,5,T,0,0,LGA
2017-06-03,74,59,66.5,-2.8,0,2,T,0,0,LGA
2017-06-04,71,59,65,-4.7,0,0,0.04,0,0,LGA
2017-06-05,67,58,62.5,-7.5,2,0,0.02,0,0,LGA
2017-06-06,59,52,55.5,-14.8,9,0,0.03,0,0,LGA
2017-06-07,70,52,61,-9.7,4,0,0,0,0,LGA
2017-06-08,71,57,64,-7,1,0,0,0,0,LGA
2017-06-09,83,56,69.5,-1.9,0,5,0,0,0,LGA
2017-06-10,88,67,77.5,5.8,0,13,0,0,0,LGA
2017-06-11,94,75,84.5,12.4,0,20,0,0,0,LGA
2017-06-12,96,76,86,13.6,0,21,0,0,0,LGA
2017-06-13,101,80,90.5,17.8,0,26,T,0,0,LGA
2017-06-14,83,70,76.5,3.4,0,12,0.5,0,0,LGA
2017-06-15,76,64,70,-3.4,0,5,0,0,0,LGA
2017-06-16,70,63,66.5,-7.2,0,2,T,0,0,LGA
2017-06-17,74,64,69,-5,0,4,1.26,0,0,LGA
2017-06-18,84,70,77,2.6,0,12,T,0,0,LGA
2017-06-19,87,70,78.5,3.8,0,14,1.22,0,0,LGA
2017-06-20,86,70,78,3,0,13,0.01,0,0,LGA
2017-06-21,87,75,81,5.7,0,16,0,0,0,LGA
2017-06-22,84,68,76,0.4,0,11,0,0,0,LGA
2017-06-23,87,77,82,6.1,0,17,0.02,0,0,LGA
2017-06-24,86,70,78,1.9,0,13,1.12,0,0,LGA
2017-06-25,84,70,77,0.6,0,12,0,0,0,LGA
2017-06-26,81,67,74,-2.6,0,9,0,0,0,LGA
2017-06-27,79,62,70.5,-6.4,0,6,0.16,0,0,LGA
2017-06-28,81,64,72.5,-4.6,0,8,0,0,0,LGA
2017-06-29,83,69,76,-1.4,0,11,0,0,0,LGA
2017-06-30,89,75,82,4.4,0,17,T,0,0,LGA
2017-07-01,85,74,79.5,1.7,0,15,0.07,0,0,LGA
2017-07-02,91,73,82,4,0,17,0,0,0,LGA
2017-07-03,90,73,81.5,3.4,0,17,0.12,0,0,LGA
2017-07-04,87,70,78.5,0.2,0,14,0,0,0,LGA
2017-07-05,85,70,77.5,-1,0,13,0,0,0,LGA
2017-07-06,81,69,75,-3.6,0,10,T,0,0,LGA
2017-07-07,82,68,75,-3.8,0,10,2.14,0,0,LGA
2017-07-08,87,71,79,0.1,0,14,T,0,0,LGA
2017-07-09,85,70,77.5,-1.5,0,13,0,0,0,LGA
2017-07-10,88,72,80,0.9,0,15,0,0,0,LGA
2017-07-11,89,75,82,2.8,0,17,T,0,0,LGA
2017-07-12,91,78,84.5,5.2,0,20,T,0,0,LGA
2017-07-13,94,73,83.5,4.2,0,19,T,0,0,LGA
2017-07-14,73,65,69,-10.4,0,4,0.47,0,0,LGA
2017-07-15,86,67,76.5,-3,0,12,0.01,0,0,LGA
2017-07-16,86,71,78.5,-1,0,14,0,0,0,LGA
2017-07-17,87,75,81,1.5,0,16,0,0,0,LGA
2017-07-18,88,76,82,2.4,0,17,0,0,0,LGA
2017-07-19,94,78,86,6.4,0,21,0,0,0,LGA
2017-07-20,98,77,87.5,7.9,0,23,T,0,0,LGA
2017-07-21,94,77,85.5,5.9,0,21,0,0,0,LGA
2017-07-22,91,73,82,2.4,0,17,0.52,0,0,LGA
2017-07-23,80,72,76,-3.6,0,11,0.09,0,0,LGA
2017-07-24,73,64,68.5,-11.1,0,4,0.9,0,0,LGA
2017-07-25,71,62,66.5,-13,0,2,0,0,0,LGA
2017-07-26,78,65,71.5,-8,0,7,0,0,0,LGA
2017-07-27,78,67,72.5,-7,0,8,T,0,0,LGA
2017-07-28,84,71,77.5,-1.9,0,13,0,0,0,LGA
2017-07-29,76,68,72,-7.4,0,7,0,0,0,LGA
2017-07-30,82,66,74,-5.3,0,9,0,0,0,LGA
2017-07-31,89,70,79.5,0.2,0,15,0,0,0,LGA
2017-08-01,91,72,81.5,2.3,0,17,0,0,0,LGA
2017-08-02,88,69,78.5,-0.7,0,14,0.08,0,0,LGA
2017-08-03,87,70,78.5,-0.6,0,14,0.01,0,0,LGA
2017-08-04,85,71,78,-1.1,0,13,0.75,0,0,LGA
2017-08-05,80,70,75,-4,0,10,0.16,0,0,LGA
2017-08-06,78,66,72,-6.9,0,7,0,0,0,LGA
2017-08-07,73,66,69.5,-9.3,0,5,0.43,0,0,LGA
2017-08-08,80,65,72.5,-6.3,0,8,T,0,0,LGA
2017-08-09,85,68,76.5,-2.2,0,12,0,0,0,LGA
2017-08-10,86,71,78.5,-0.1,0,14,0,0,0,LGA
2017-08-11,82,72,77,-1.5,0,12,0.01,0,0,LGA
2017-08-12,78,65,71.5,-6.9,0,7,0.16,0,0,LGA
2017-08-13,85,72,78.5,0.2,0,14,0,0,0,LGA
2017-08-14,83,71,77,-1.2,0,12,T,0,0,LGA
2017-08-15,76,69,72.5,-5.6,0,8,0.44,0,0,LGA
2017-08-16,86,71,78.5,0.5,0,14,0,0,0,LGA
2017-08-17,82,70,76,-1.8,0,11,0,0,0,LGA
2017-08-18,83,73,78,0.3,0,13,0.91,0,0,LGA
2017-08-19,89,75,82,4.4,0,17,T,0,0,LGA
2017-08-20,83,71,77,-0.5,0,12,0,0,0,LGA
2017-08-21,88,75,81.5,4.2,0,17,0,0,0,LGA
2017-08-22,91,74,82.5,5.3,0,18,0.23,0,0,LGA
2017-08-23,82,74,78,1,0,13,0.02,0,0,LGA
2017-08-24,81,69,75,-1.8,0,10,0,0,0,LGA
2017-08-25,78,66,72,-4.7,0,7,0,0,0,LGA
2017-08-26,77,64,70.5,-6,0,6,0,0,0,LGA
2017-08-27,77,64,70.5,-5.8,0,6,0,0,0,LGA
2017-08-28,75,64,69.5,-6.6,0,5,0,0,0,LGA
2017-08-29,69,61,65,-10.9,0,0,0.31,0,0,LGA
2017-08-30,80,61,70.5,-5.2,0,6,0.01,0,0,LGA
2017-08-31,82,66,74,-1.5,0,9,0,0,0,LGA
2017-09-01,72,56,64,-11.2,1,0,0,0,0,LGA
2017-09-02,68,56,62,-13,3,0,0.59,0,0,LGA
2017-09-03,72,59,65.5,-9.2,0,1,0.6,0,0,LGA
2017-09-04,82,64,73,-1.5,0,8,0,0,0,LGA
2017-09-05,85,71,78,3.8,0,13,0,0,0,LGA
2017-09-06,74,61,67.5,-6.5,0,3,0.44,0,0,LGA
2017-09-07,75,61,68,-5.7,0,3,T,0,0,LGA
2017-09-08,73,61,67,-6.4,0,2,0,0,0,LGA
2017-09-09,69,58,63.5,-9.6,1,0,0,0,0,LGA
2017-09-10,73,59,66,-6.8,0,1,0,0,0,LGA
2017-09-11,78,59,68.5,-4,0,4,0,0,0,LGA
2017-09-12,82,63,72.5,0.3,0,8,0,0,0,LGA
2017-09-13,84,67,75.5,3.7,0,11,0.02,0,0,LGA
2017-09-14,83,70,76.5,5,0,12,0,0,0,LGA
2017-09-15,82,70,76,4.8,0,11,0,0,0,LGA
2017-09-16,80,69,74.5,3.7,0,10,0,0,0,LGA
2017-09-17,81,69,75,4.5,0,10,0,0,0,LGA
2017-09-18,74,68,71,0.9,0,6,T,0,0,LGA
2017-09-19,78,69,73.5,3.7,0,9,0.19,0,0,LGA
2017-09-20,78,71,74.5,5.1,0,10,0,0,0,LGA
2017-09-21,79,72,75.5,6.4,0,11,0,0,0,LGA
2017-09-22,81,68,74.5,5.8,0,10,0,0,0,LGA
2017-09-23,86,70,78,9.7,0,13,0,0,0,LGA
2017-09-24,91,71,81,13.1,0,16,0,0,0,LGA
2017-09-25,86,71,78.5,10.9,0,14,0,0,0,LGA
2017-09-26,81,68,74.5,7.3,0,10,0,0,0,LGA
2017-09-27,84,70,77,10.2,0,12,0,0,0,LGA
2017-09-28,77,61,69,2.6,0,4,0,0,0,LGA
2017-09-29,70,57,63.5,-2.5,1,0,0,0,0,LGA
2017-09-30,66,55,60.5,-5.2,4,0,T,0,0,LGA
2017-10-01,70,52,61,-4.3,4,0,0,0,0,LGA
2017-10-02,74,56,65,0.1,0,0,0,0,0,LGA
2017-10-03,71,59,65,0.5,0,0,0,0,0,LGA
2017-10-04,75,58,66.5,2.4,0,2,0,0,0,LGA
2017-10-05,84,66,75,11.3,0,10,T,0,0,LGA
2017-10-06,82,70,76,12.7,0,11,0,0,0,LGA
2017-10-07,82,66,74,11,0,9,0,0,0,LGA
2017-10-08,80,71,75.5,12.9,0,11,0.37,0,0,LGA
2017-10-09,79,71,75,12.8,0,10,0.23,0,0,LGA
2017-10-10,81,69,75,13.2,0,10,0,0,0,LGA
2017-10-11,78,62,70,8.6,0,5,0.04,0,0,LGA
2017-10-12,65,56,60.5,-0.6,4,0,0.03,0,0,LGA
2017-10-13,68,53,60.5,-0.2,4,0,0,0,0,LGA
2017-10-14,73,62,67.5,7.2,0,3,0.03,0,0,LGA
2017-10-15,75,66,70.5,10.5,0,6,T,0,0,LGA
2017-10-16,71,48,59.5,-0.1,5,0,0.01,0,0,LGA
2017-10-17,61,45,53,-6.2,12,0,0,0,0,LGA
2017-10-18,74,52,63,4.1,2,0,0,0,0,LGA
2017-10-19,72,58,65,6.5,0,0,0,0,0,LGA
2017-10-20,74,62,68,9.9,0,3,0,0,0,LGA
2017-10-21,79,58,68.5,10.7,0,4,0,0,0,LGA
2017-10-22,76,58,67,9.6,0,2,0,0,0,LGA
2017-10-23,75,61,68,10.9,0,3,0,0,0,LGA
2017-10-24,76,67,71.5,14.8,0,7,0.13,0,0,LGA
2017-10-25,68,59,63.5,7.2,1,0,0,0,0,LGA
2017-10-26,59,52,55.5,-0.5,9,0,T,0,0,LGA
2017-10-27,63,51,57,1.4,8,0,0,0,0,LGA
2017-10-28,68,54,61,5.7,4,0,0,0,0,LGA
2017-10-29,68,61,64.5,9.6,0,0,2.78,0,0,LGA
2017-10-30,62,47,54.5,-0.1,10,0,0.16,0,0,LGA
2017-10-31,58,48,53,-1.2,12,0,0,0,0,LGA
2017-11-01,59,47,53,-0.9,12,0,0,0,0,LGA
2017-11-02,72,58,65,11.4,0,0,0,0,0,LGA
2017-11-03,75,53,64,10.8,1,0,0,0,0,LGA
2017-11-04,56,48,52,-0.9,13,0,0,0,0,LGA
2017-11-05,62,52,57,4.5,8,0,0.1,0,0,LGA
2017-11-06,66,48,57,4.8,8,0,T,0,0,LGA
2017-11-07,51,41,46,-5.9,19,0,0.6,0,0,LGA
2017-11-08,50,40,45,-6.5,20,0,T,0,0,LGA
2017-11-09,56,42,49,-2.2,16,0,T,0,0,LGA
2017-11-10,53,27,40,-10.9,25,0,T,0,0,LGA
2017-11-11,39,26,32.5,-18,32,0,0,0,0,LGA
2017-11-12,47,34,40.5,-9.7,24,0,0,0,0,LGA
2017-11-13,50,42,46,-3.9,19,0,0.05,0,0,LGA
2017-11-14,47,39,43,-6.5,22,0,0,0,0,LGA
2017-11-15,51,38,44.5,-4.7,20,0,0,0,0,LGA
2017-11-16,59,45,52,3.1,13,0,0.78,0,0,LGA
2017-11-17,49,41,45,-3.6,20,0,0,0,0,LGA
2017-11-18,56,36,46,-2.2,19,0,0.12,0,0,LGA
2017-11-19,60,40,50,2.1,15,0,0.23,0,0,LGA
2017-11-20,48,37,42.5,-5.1,22,0,T,T,T,LGA
2017-11-21,59,43,51,3.7,14,0,0,0,0,LGA
2017-11-22,55,37,46,-1,19,0,0.16,0,0,LGA
2017-11-23,45,34,39.5,-7.1,25,0,0,0,0,LGA
2017-11-24,51,37,44,-2.3,21,0,0,0,0,LGA
2017-11-25,58,42,50,4,15,0,0,0,0,LGA
2017-11-26,53,42,47.5,1.8,17,0,0,0,0,LGA
2017-11-27,52,42,47,1.6,18,0,0,0,0,LGA
2017-11-28,53,37,45,-0.1,20,0,0,0,0,LGA
2017-11-29,64,44,54,9.2,11,0,0,0,0,LGA
2017-11-30,54,40,47,2.5,18,0,0.02,0,0,LGA
2017-12-01,53,43,48,3.8,17,0,T,0,0,LGA
2017-12-02,48,40,44,0.1,21,0,0,0,0,LGA
2017-12-03,48,42,45,1.4,20,0,T,0,0,LGA
2017-12-04,52,40,46,2.7,19,0,0,0,0,LGA
2017-12-05,60,50,55,12,10,0,0.69,0,0,LGA
2017-12-06,59,41,50,7.3,15,0,T,0,0,LGA
2017-12-07,46,40,43,0.6,22,0,0,0,0,LGA
2017-12-08,41,36,38.5,-3.7,26,0,0,0,0,LGA
2017-12-09,37,31,34,-7.9,31,0,0.34,4.6,0,LGA
2017-12-10,40,32,36,-5.6,29,0,0,0,4,LGA
2017-12-11,43,35,39,-2.3,26,0,0,0,1,LGA
2017-12-12,51,32,41.5,0.5,23,0,T,T,T,LGA
2017-12-13,33,22,27.5,-13.3,37,0,0,T,T,LGA
2017-12-14,33,24,28.5,-12,36,0,0.07,1.2,1,LGA
2017-12-15,30,23,26.5,-13.7,38,0,0.13,1.4,1,LGA
2017-12-16,40,25,32.5,-7.4,32,0,0,0,1,LGA
2017-12-17,37,33,35,-4.7,30,0,0,0,T,LGA
2017-12-18,48,34,41,1.6,24,0,0.02,0,0,LGA
2017-12-19,56,46,51,11.8,14,0,0,0,0,LGA
2017-12-20,53,36,44.5,5.6,20,0,0,0,0,LGA
2017-12-21,41,34,37.5,-1.1,27,0,0,0,0,LGA
2017-12-22,51,36,43.5,5.1,21,0,0,0,0,LGA
2017-12-23,53,38,45.5,7.4,19,0,0.54,0,0,LGA
2017-12-24,41,36,38.5,0.6,26,0,0.01,T,0,LGA
2017-12-25,39,28,33.5,-4.2,31,0,0.22,T,0,LGA
2017-12-26,29,24,26.5,-10.9,38,0,0,0,0,LGA
2017-12-27,25,18,21.5,-15.7,43,0,0,0,0,LGA
2017-12-28,19,12,15.5,-21.5,49,0,0,0,0,LGA
2017-12-29,22,12,17,-19.7,48,0,0,0,0,LGA
2017-12-30,24,18,21,-15.5,44,0,0.03,0.8,0,LGA
2017-12-31,22,10,16,-20.3,49,0,0,0,T,LGA
2017-01-01,52,34,43,8.4,22,0,T,0,0,JFK
2017-01-02,43,34,38.5,4.1,26,0,0.31,T,0,JFK
2017-01-03,46,41,43.5,9.3,21,0,0.46,0,0,JFK
2017-01-04,55,35,45,11,20,0,T,0,0,JFK
2017-01-05,35,28,31.5,-2.4,33,0,T,T,0,JFK
2017-01-06,36,27,31.5,-2.2,33,0,0.03,1.1,1,JFK
2017-01-07,27,21,24,-9.5,41,0,0.22,8.2,T,JFK
2017-01-08,26,18,22,-11.4,43,0,T,T,8,JFK
2017-01-09,24,13,18.5,-14.7,46,0,0,0,7,JFK
2017-01-10,47,20,33.5,0.4,31,0,0,0,6,JFK
2017-01-11,51,41,46,13,19,0,0.46,0,1,JFK
2017-01-12,61,46,53.5,20.6,11,0,0.1,0,1,JFK
2017-01-13,58,34,46,13.3,19,0,0,0,0,JFK
2017-01-14,34,28,31,-1.6,34,0,0.15,1.8,0,JFK
2017-01-15,41,30,35.5,2.9,29,0,0,0,2,JFK
2017-01-16,42,28,35,2.5,30,0,0,0,T,JFK
2017-01-17,43,39,41,8.6,24,0,0.59,0,0,JFK
2017-01-18,42,40,41,8.7,24,0,0.09,0,0,JFK
2017-01-19,54,37,45.5,13.2,19,0,0,0,0,JFK
2017-01-20,46,42,44,11.8,21,0,0.08,0,0,JFK
2017-01-21,47,42,44.5,12.3,20,0,0,0,0,JFK
2017-01-22,54,43,48.5,16.3,16,0,0.01,0,0,JFK
2017-01-23,47,38,42.5,10.3,22,0,0.84,0,0,JFK
2017-01-24,40,38,39,6.8,26,0,1.22,0,0,JFK
2017-01-25,51,37,44,11.8,21,0,0,0,0,JFK
2017-01-26,55,42,48.5,16.3,16,0,0.03,0,0,JFK
2017-01-27,46,36,41,8.8,24,0,T,T,0,JFK
2017-01-28,40,34,37,4.7,28,0,T,T,0,JFK
2017-01-29,46,30,38,5.7,27,0,0,0,0,JFK
2017-01-30,39,30,34.5,2.1,30,0,0,0,0,JFK
2017-01-31,32,26,29,-3.5,36,0,0.05,0.6,0,JFK
2017-02-01,48,27,37.5,5,27,0,0,0,T,JFK
2017-02-02,47,32,39.5,6.9,25,0,T,T,0,JFK
2017-02-03,34,26,30,-2.7,35,0,0,0,0,JFK
2017-02-04,35,23,29,-3.8,36,0,0,0,0,JFK
2017-02-05,42,30,36,3.1,29,0,0,0,0,JFK
2017-02-06,48,36,42,8.9,23,0,0,0,0,JFK
2017-02-07,44,35,39.5,6.3,25,0,0.1,0,0,JFK
2017-02-08,65,39,52,18.7,13,0,T,0,0,JFK
2017-02-09,44,19,31.5,-2,33,0,0.74,8.3,1,JFK
2017-02-10,31,20,25.5,-8.1,39,0,T,T,8,JFK
2017-02-11,45,30,37.5,3.7,27,0,0,0,6,JFK
2017-02-12,37,32,34.5,0.5,30,0,0.4,0.1,5,JFK
2017-02-13,39,31,35,0.9,30,0,T,0,4,JFK
2017-02-14,38,28,33,-1.3,32,0,0,0,3,JFK
2017-02-15,46,31,38.5,4,26,0,T,0,2,JFK
2017-02-16,39,29,34,-0.7,31,0,0,0,0,JFK
2017-02-17,44,27,35.5,0.6,29,0,0,0,0,JFK
2017-02-18,53,30,41.5,6.5,23,0,0,0,0,JFK
2017-02-19,68,46,57,21.8,8,0,0,0,0,JFK
2017-02-20,56,38,47,11.6,18,0,0,0,0,JFK
2017-02-21,45,31,38,2.4,27,0,0,0,0,JFK
2017-02-22,51,39,45,9.1,20,0,0,0,0,JFK
2017-02-23,57,38,47.5,11.4,17,0,T,0,0,JFK
2017-02-24,62,45,53.5,17.2,11,0,0,0,0,JFK
2017-02-25,63,47,55,18.5,10,0,0.34,0,0,JFK
2017-02-26,47,37,42,5.3,23,0,0,0,0,JFK
2017-02-27,52,32,42,5.1,23,0,0,0,0,JFK
2017-02-28,58,43,50.5,13.4,14,0,0,0,0,JFK
2017-03-01,61,48,54.5,17.1,10,0,0.01,0,0,JFK
2017-03-02,62,37,49.5,11.9,15,0,0,0,0,JFK
2017-03-03,42,25,33.5,-4.3,31,0,0,0,0,JFK
2017-03-04,34,18,26,-12,39,0,0,0,0,JFK
2017-03-05,38,16,27,-11.3,38,0,0,0,0,JFK
2017-03-06,42,22,32,-6.5,33,0,T,0,0,JFK
2017-03-07,50,42,46,7.3,19,0,0.11,0,0,JFK
2017-03-08,61,46,53.5,14.5,11,0,0.05,0,0,JFK
2017-03-09,64,46,55,15.8,10,0,0,0,0,JFK
2017-03-10,49,24,36.5,-3,28,0,0.26,2.4,0,JFK
2017-03-11,29,18,23.5,-16.2,41,0,T,T,2,JFK
2017-03-12,32,20,26,-14,39,0,0,0,1,JFK
2017-03-13,34,20,27,-13.2,38,0,T,T,0,JFK
2017-03-14,36,23,29.5,-11,35,0,1.94,5.1,4,JFK
2017-03-15,28,22,25,-15.7,40,0,T,T,4,JFK
2017-03-16,40,25,32.5,-8.5,32,0,0,0,4,JFK
2017-03-17,45,30,37.5,-3.8,27,0,0,0,3,JFK
2017-03-18,40,28,34,-7.5,31,0,0.07,T,2,JFK
2017-03-19,48,35,41.5,-0.3,23,0,0,0,1,JFK
2017-03-20,55,35,45,2.9,20,0,0,0,0,JFK
2017-03-21,57,42,49.5,7.1,15,0,0,0,0,JFK
2017-03-22,50,24,37,-5.7,28,0,0,0,0,JFK
2017-03-23,44,23,33.5,-9.5,31,0,0,0,0,JFK
2017-03-24,49,32,40.5,-2.8,24,0,T,0,0,JFK
2017-03-25,62,42,52,8.4,13,0,0.01,0,0,JFK
2017-03-26,43,39,41,-2.9,24,0,0.14,0,0,JFK
2017-03-27,58,40,49,4.8,16,0,0.19,0,0,JFK
2017-03-28,49,42,45.5,1,19,0,0.93,0,0,JFK
2017-03-29,61,42,51.5,6.7,13,0,0,0,0,JFK
2017-03-30,50,37,43.5,-1.7,21,0,0.01,0,0,JFK
2017-03-31,42,39,40.5,-5,24,0,2.07,0,0,JFK
2017-04-01,47,38,42.5,-3.3,22,0,0.01,0,0,JFK
2017-04-02,65,40,52.5,6.3,12,0,0,0,0,JFK
2017-04-03,59,42,50.5,4,14,0,0.03,0,0,JFK
2017-04-04,54,46,50,3.2,15,0,1.05,0,0,JFK
2017-04-05,60,44,52,4.8,13,0,T,0,0,JFK
2017-04-06,54,42,48,0.5,17,0,0.96,0,0,JFK
2017-04-07,52,41,46.5,-1.4,18,0,T,0,0,JFK
2017-04-08,58,41,49.5,1.3,15,0,0,0,0,JFK
2017-04-09,61,40,50.5,1.9,14,0,0,0,0,JFK
2017-04-10,62,43,52.5,3.6,12,0,0,0,0,JFK
2017-04-11,66,47,56.5,7.2,8,0,0,0,0,JFK
2017-04-12,73,52,62.5,12.8,2,0,0.05,0,0,JFK
2017-04-13,66,49,57.5,7.5,7,0,0,0,0,JFK
2017-04-14,60,47,53.5,3.1,11,0,0,0,0,JFK
2017-04-15,58,44,51,0.3,14,0,T,0,0,JFK
2017-04-16,83,51,67,15.9,0,2,0.01,0,0,JFK
2017-04-17,76,58,67,15.6,0,2,T,0,0,JFK
2017-04-18,62,47,54.5,2.7,10,0,0,0,0,JFK
2017-04-19,52,45,48.5,-3.6,16,0,T,0,0,JFK
2017-04-20,64,50,57,4.5,8,0,0.17,0,0,JFK
2017-04-21,58,49,53.5,0.7,11,0,0.03,0,0,JFK
2017-04-22,58,50,54,0.9,11,0,0.11,0,0,JFK
2017-04-23,61,47,54,0.5,11,0,0,0,0,JFK
2017-04-24,57,44,50.5,-3.3,14,0,0.01,0,0,JFK
2017-04-25,59,51,55,0.9,10,0,0.98,0,0,JFK
2017-04-26,62,54,58,3.5,7,0,0.48,0,0,JFK
2017-04-27,65,56,60.5,5.7,4,0,0.01,0,0,JFK
2017-04-28,74,55,64.5,9.4,0,0,T,0,0,JFK
2017-04-29,85,60,72.5,17.1,0,8,0.16,0,0,JFK
2017-04-30,70,51,60.5,4.8,4,0,T,0,0,JFK
2017-05-01,67,50,58.5,2.5,6,0,T,0,0,JFK
2017-05-02,77,59,68,11.7,0,3,0.02,0,0,JFK
2017-05-03,68,52,60,3.4,5,0,0,0,0,JFK
2017-05-04,61,44,52.5,-4.4,12,0,0,0,0,JFK
2017-05-05,61,51,56,-1.2,9,0,1.78,0,0,JFK
2017-05-06,62,54,58,0.5,7,0,0.05,0,0,JFK
2017-05-07,57,49,53,-4.8,12,0,T,0,0,JFK
2017-05-08,61,42,51.5,-6.6,13,0,0,0,0,JFK
2017-05-09,63,47,55,-3.4,10,0,0,0,0,JFK
2017-05-10,60,50,55,-3.7,10,0,0,0,0,JFK
2017-05-11,61,48,54.5,-4.5,10,0,0,0,0,JFK
2017-05-12,61,47,54,-5.3,11,0,0,0,0,JFK
2017-05-13,53,47,50,-9.5,15,0,1.65,0,0,JFK
2017-05-14,70,47,58.5,-1.3,6,0,0.01,0,0,JFK
2017-05-15,69,54,61.5,1.4,3,0,0,0,0,JFK
2017-05-16,78,58,68,7.6,0,3,0,0,0,JFK
2017-05-17,77,57,67,6.3,0,2,0,0,0,JFK
2017-05-18,85,65,75,14,0,10,0,0,0,JFK
2017-05-19,92,67,79.5,18.2,0,15,0,0,0,JFK
2017-05-20,67,53,60,-1.6,5,0,T,0,0,JFK
2017-05-21,65,49,57,-4.9,8,0,0,0,0,JFK
2017-05-22,63,55,59,-3.2,6,0,0.65,0,0,JFK
2017-05-23,70,59,64.5,2,0,0,0,0,0,JFK
2017-05-24,69,57,63,0.2,2,0,0.02,0,0,JFK
2017-05-25,61,56,58.5,-4.6,6,0,1.14,0,0,JFK
2017-05-26,77,57,67,3.6,0,2,0.19,0,0,JFK
2017-05-27,73,60,66.5,2.8,0,2,0,0,0,JFK
2017-05-28,68,58,63,-1,2,0,0,0,0,JFK
2017-05-29,61,56,58.5,-5.9,6,0,0.29,0,0,JFK
2017-05-30,60,55,57.5,-7.2,7,0,T,0,0,JFK
2017-05-31,73,58,65.5,0.5,0,1,0.03,0,0,JFK
2017-06-01,82,60,71,5.6,0,6,0,0,0,JFK
2017-06-02,77,57,67,1.3,0,2,0,0,0,JFK
2017-06-03,76,56,66,0,0,1,0.02,0,0,JFK
2017-06-04,70,54,62,-4.4,3,0,0.09,0,0,JFK
2017-06-05,71,60,65.5,-1.2,0,1,0.4,0,0,JFK
2017-06-06,60,53,56.5,-10.6,8,0,0.05,0,0,JFK
2017-06-07,68,52,60,-7.4,5,0,T,0,0,JFK
2017-06-08,67,54,60.5,-7.3,4,0,0,0,0,JFK
2017-06-09,84,51,67.5,-0.6,0,3,0,0,0,JFK
2017-06-10,81,62,71.5,3,0,7,0,0,0,JFK
2017-06-11,87,66,76.5,7.7,0,12,0,0,0,JFK
2017-06-12,92,69,80.5,11.3,0,16,0,0,0,JFK
2017-06-13,94,72,83,13.5,0,18,0,0,0,JFK
2017-06-14,82,64,73,3.1,0,8,0.3,0,0,JFK
2017-06-15,72,61,66.5,-3.7,0,2,0,0,0,JFK
2017-06-16,70,63,66.5,-4,0,2,0.03,0,0,JFK
2017-06-17,73,66,69.5,-1.4,0,5,0.34,0,0,JFK
2017-06-18,79,69,74,2.8,0,9,T,0,0,JFK
2017-06-19,79,68,73.5,2,0,9,1.12,0,0,JFK
2017-06-20,86,67,76.5,4.7,0,12,0.01,0,0,JFK
2017-06-21,86,69,77.5,5.4,0,13,0,0,0,JFK
2017-06-22,79,66,72.5,0.1,0,8,0,0,0,JFK
2017-06-23,83,71,77,4.3,0,12,T,0,0,JFK
2017-06-24,87,70,78.5,5.5,0,14,1.73,0,0,JFK
2017-06-25,82,69,75.5,2.2,0,11,T,0,0,JFK
2017-06-26,78,64,71,-2.5,0,6,0,0,0,JFK
2017-06-27,77,62,69.5,-4.3,0,5,0.11,0,0,JFK
2017-06-28,82,63,72.5,-1.5,0,8,0,0,0,JFK
2017-06-29,77,67,72,-2.3,0,7,0,0,0,JFK
2017-06-30,80,68,74,-0.5,0,9,0,0,0,JFK
2017-07-01,78,67,72.5,-2.2,0,8,0.53,0,0,JFK
2017-07-02,89,71,80,5.1,0,15,0,0,0,JFK
2017-07-03,89,71,80,4.9,0,15,T,0,0,JFK
2017-07-04,85,70,77.5,2.3,0,13,T,0,0,JFK
2017-07-05,83,69,76,0.6,0,11,0,0,0,JFK
2017-07-06,77,69,73,-2.6,0,8,T,0,0,JFK
2017-07-07,83,69,76,0.3,0,11,1.92,0,0,JFK
2017-07-08,87,70,78.5,2.7,0,14,T,0,0,JFK
2017-07-09,83,69,76,0,0,11,0,0,0,JFK
2017-07-10,83,66,74.5,-1.6,0,10,0,0,0,JFK
2017-07-11,88,73,80.5,4.3,0,16,0.16,0,0,JFK
2017-07-12,91,75,83,6.8,0,18,0.01,0,0,JFK
2017-07-13,93,70,81.5,5.2,0,17,0.03,0,0,JFK
2017-07-14,70,65,67.5,-8.9,0,3,0.21,0,0,JFK
2017-07-15,84,68,76,-0.4,0,11,0.01,0,0,JFK
2017-07-16,83,68,75.5,-1,0,11,0,0,0,JFK
2017-07-17,84,71,77.5,1,0,13,0,0,0,JFK
2017-07-18,85,72,78.5,1.9,0,14,0,0,0,JFK
2017-07-19,91,75,83,6.4,0,18,0,0,0,JFK
2017-07-20,94,77,85.5,8.9,0,21,T,0,0,JFK
2017-07-21,95,79,87,10.4,0,22,0,0,0,JFK
2017-07-22,88,73,80.5,3.9,0,16,0.62,0,0,JFK
2017-07-23,81,71,76,-0.6,0,11,0.37,0,0,JFK
2017-07-24,74,64,69,-7.6,0,4,0.78,0,0,JFK
2017-07-25,72,63,67.5,-9.1,0,3,0,0,0,JFK
2017-07-26,76,63,69.5,-7.1,0,5,0,0,0,JFK
2017-07-27,78,65,71.5,-5,0,7,T,0,0,JFK
2017-07-28,83,70,76.5,0,0,12,0,0,0,JFK
2017-07-29,76,66,71,-5.5,0,6,0.01,0,0,JFK
2017-07-30,83,62,72.5,-3.9,0,8,0,0,0,JFK
2017-07-31,86,66,76,-0.4,0,11,0,0,0,JFK
2017-08-01,88,69,78.5,2.2,0,14,0,0,0,JFK
2017-08-02,85,71,78,1.7,0,13,0.01,0,0,JFK
2017-08-03,83,68,75.5,-0.7,0,11,T,0,0,JFK
2017-08-04,83,73,78,1.8,0,13,0.06,0,0,JFK
2017-08-05,82,71,76.5,0.4,0,12,0.27,0,0,JFK
2017-08-06,80,66,73,-3,0,8,0,0,0,JFK
2017-08-07,72,66,69,-7,0,4,0.39,0,0,JFK
2017-08-08,82,66,74,-1.9,0,9,T,0,0,JFK
2017-08-09,83,65,74,-1.8,0,9,0,0,0,JFK
2017-08-10,82,67,74.5,-1.3,0,10,0,0,0,JFK
2017-08-11,81,67,74,-1.7,0,9,T,0,0,JFK
2017-08-12,78,65,71.5,-4.1,0,7,0.21,0,0,JFK
2017-08-13,87,71,79,3.5,0,14,0,0,0,JFK
2017-08-14,81,68,74.5,-0.9,0,10,T,0,0,JFK
2017-08-15,76,68,72,-3.3,0,7,0.44,0,0,JFK
2017-08-16,88,70,79,3.8,0,14,0,0,0,JFK
2017-08-17,80,69,74.5,-0.6,0,10,0,0,0,JFK
2017-08-18,81,73,77,2,0,12,0.27,0,0,JFK
2017-08-19,87,73,80,5.1,0,15,0,0,0,JFK
2017-08-20,85,71,78,3.3,0,13,0,0,0,JFK
2017-08-21,87,70,78.5,3.9,0,14,0,0,0,JFK
2017-08-22,86,74,80,5.5,0,15,0.17,0,0,JFK
2017-08-23,84,69,76.5,2.2,0,12,0.06,0,0,JFK
2017-08-24,84,65,74.5,0.3,0,10,0,0,0,JFK
2017-08-25,80,64,72,-2,0,7,0,0,0,JFK
2017-08-26,80,62,71,-2.9,0,6,0,0,0,JFK
2017-08-27,80,60,70,-3.7,0,5,0,0,0,JFK
2017-08-28,78,60,69,-4.5,0,4,0,0,0,JFK
2017-08-29,69,62,65.5,-7.8,0,1,0.57,0,0,JFK
2017-08-30,80,60,70,-3.1,0,5,0.05,0,0,JFK
2017-08-31,86,65,75.5,2.6,0,11,T,0,0,JFK
2017-09-01,74,56,65,-7.7,0,0,0,0,0,JFK
2017-09-02,68,54,61,-11.5,4,0,0.54,0,0,JFK
2017-09-03,73,59,66,-6.2,0,1,0.46,0,0,JFK
2017-09-04,79,63,71,-1,0,6,0,0,0,JFK
2017-09-05,81,68,74.5,2.8,0,10,0,0,0,JFK
2017-09-06,74,62,68,-3.5,0,3,0.5,0,0,JFK
2017-09-07,74,61,67.5,-3.7,0,3,T,0,0,JFK
2017-09-08,75,59,67,-3.9,0,2,0,0,0,JFK
2017-09-09,72,56,64,-6.7,1,0,0,0,0,JFK
2017-09-10,75,57,66,-4.4,0,1,0,0,0,JFK
2017-09-11,80,56,68,-2.1,0,3,0,0,0,JFK
2017-09-12,80,59,69.5,-0.3,0,5,0,0,0,JFK
2017-09-13,80,61,70.5,1.1,0,6,0.4,0,0,JFK
2017-09-14,79,67,73,3.9,0,8,T,0,0,JFK
2017-09-15,81,66,73.5,4.7,0,9,0,0,0,JFK
2017-09-16,79,68,73.5,5,0,9,0,0,0,JFK
2017-09-17,78,67,72.5,4.4,0,8,0,0,0,JFK
2017-09-18,77,67,72,4.2,0,7,T,0,0,JFK
2017-09-19,77,69,73,5.6,0,8,0.26,0,0,JFK
2017-09-20,81,71,76,8.9,0,11,0,0,0,JFK
2017-09-21,81,71,76,9.3,0,11,0,0,0,JFK
2017-09-22,83,67,75,8.7,0,10,0,0,0,JFK
2017-09-23,88,68,78,12,0,13,0,0,0,JFK
2017-09-24,92,65,78.5,12.9,0,14,0,0,0,JFK
2017-09-25,85,65,75,9.8,0,10,0,0,0,JFK
2017-09-26,78,67,72.5,7.7,0,8,T,0,0,JFK
2017-09-27,87,69,78,13.6,0,13,T,0,0,JFK
2017-09-28,80,60,70,5.9,0,5,0,0,0,JFK
2017-09-29,69,54,61.5,-2.2,3,0,0,0,0,JFK
2017-09-30,67,54,60.5,-2.8,4,0,0.04,0,0,JFK
2017-10-01,69,50,59.5,-3.4,5,0,0,0,0,JFK
2017-10-02,73,52,62.5,0,2,0,0,0,0,JFK
2017-10-03,70,51,60.5,-1.6,4,0,0,0,0,JFK
2017-10-04,72,55,63.5,1.8,1,0,0,0,0,JFK
2017-10-05,83,63,73,11.6,0,8,T,0,0,JFK
2017-10-06,81,66,73.5,12.5,0,9,T,0,0,JFK
2017-10-07,79,63,71,10.4,0,6,0,0,0,JFK
2017-10-08,73,70,71.5,11.3,0,7,0.04,0,0,JFK
2017-10-09,76,70,73,13.2,0,8,0.34,0,0,JFK
2017-10-10,84,66,75,15.6,0,10,0,0,0,JFK
2017-10-11,77,62,69.5,10.4,0,5,0.02,0,0,JFK
2017-10-12,66,54,60,1.3,5,0,0.08,0,0,JFK
2017-10-13,67,53,60,1.7,5,0,T,0,0,JFK
2017-10-14,74,60,67,9.1,0,2,0.01,0,0,JFK
2017-10-15,74,65,69.5,12,0,5,0.01,0,0,JFK
2017-10-16,69,46,57.5,0.3,7,0,T,0,0,JFK
2017-10-17,60,42,51,-5.8,14,0,0,0,0,JFK
2017-10-18,71,50,60.5,4.1,4,0,0,0,0,JFK
2017-10-19,70,51,60.5,4.4,4,0,0,0,0,JFK
2017-10-20,75,56,65.5,9.8,0,1,0,0,0,JFK
2017-10-21,76,48,62,6.7,3,0,0,0,0,JFK
2017-10-22,72,49,60.5,5.5,4,0,0,0,0,JFK
2017-10-23,73,55,64,9.4,1,0,0,0,0,JFK
2017-10-24,74,65,69.5,15.2,0,5,0.51,0,0,JFK
2017-10-25,66,58,62,8.1,3,0,0,0,0,JFK
2017-10-26,59,50,54.5,0.9,10,0,T,0,0,JFK
2017-10-27,61,46,53.5,0.3,11,0,0,0,0,JFK
2017-10-28,68,50,59,6.1,6,0,0,0,0,JFK
2017-10-29,67,60,63.5,11,1,0,2.84,0,0,JFK
2017-10-30,62,47,54.5,2.3,10,0,0.36,0,0,JFK
2017-10-31,59,44,51.5,-0.3,13,0,0,0,0,JFK
2017-11-01,61,38,49.5,-2,15,0,0,0,0,JFK
2017-11-02,71,60,65.5,14.3,0,1,0,0,0,JFK
2017-11-03,73,51,62,11.2,3,0,T,0,0,JFK
2017-11-04,57,44,50.5,0,14,0,0,0,0,JFK
2017-11-05,61,51,56,5.9,9,0,0.05,0,0,JFK
2017-11-06,66,47,56.5,6.7,8,0,T,0,0,JFK
2017-11-07,50,41,45.5,-4,19,0,0.78,0,0,JFK
2017-11-08,48,41,44.5,-4.6,20,0,T,0,0,JFK
2017-11-09,55,38,46.5,-2.3,18,0,T,0,0,JFK
2017-11-10,53,25,39,-9.5,26,0,T,0,0,JFK
2017-11-11,38,24,31,-17.2,34,0,0,0,0,JFK
2017-11-12,46,29,37.5,-10.3,27,0,0,0,0,JFK
2017-11-13,47,38,42.5,-5,22,0,0.03,0,0,JFK
2017-11-14,46,36,41,-6.2,24,0,0,0,0,JFK
2017-11-15,51,36,43.5,-3.4,21,0,0,0,0,JFK
2017-11-16,57,44,50.5,3.9,14,0,0.13,0,0,JFK
2017-11-17,48,38,43,-3.3,22,0,0,0,0,JFK
2017-11-18,57,28,42.5,-3.4,22,0,0.2,0,0,JFK
2017-11-19,58,40,49,3.4,16,0,0.25,0,0,JFK
2017-11-20,47,37,42,-3.3,23,0,T,T,0,JFK
2017-11-21,57,40,48.5,3.5,16,0,0,0,0,JFK
2017-11-22,54,35,44.5,-0.2,20,0,0.35,0,0,JFK
2017-11-23,43,31,37,-7.4,28,0,0,0,0,JFK
2017-11-24,48,33,40.5,-3.6,24,0,0,0,0,JFK
2017-11-25,54,37,45.5,1.7,19,0,0,0,0,JFK
2017-11-26,52,40,46,2.5,19,0,0,0,0,JFK
2017-11-27,52,38,45,1.8,20,0,0,0,0,JFK
2017-11-28,52,31,41.5,-1.5,23,0,0,0,0,JFK
2017-11-29,64,40,52,9.3,13,0,0,0,0,JFK
2017-11-30,53,35,44,1.6,21,0,0.01,0,0,JFK
2017-12-01,53,38,45.5,3.4,19,0,0.01,0,0,JFK
2017-12-02,49,35,42,0.2,23,0,0,0,0,JFK
2017-12-03,49,37,43,1.5,22,0,T,0,0,JFK
2017-12-04,51,35,43,1.7,22,0,0,0,0,JFK
2017-12-05,58,50,54,13,11,0,0.3,0,0,JFK
2017-12-06,56,40,48,7.3,17,0,0.01,0,0,JFK
2017-12-07,45,38,41.5,1,23,0,0,0,0,JFK
2017-12-08,40,35,37.5,-2.7,27,0,0,0,0,JFK
2017-12-09,37,30,33.5,-6.4,31,0,0.33,3.4,0,JFK
2017-12-10,38,30,34,-5.7,31,0,0,T,3,JFK
2017-12-11,41,33,37,-2.4,28,0,T,T,2,JFK
2017-12-12,53,31,42,2.8,23,0,T,T,0,JFK
2017-12-13,32,20,26,-12.9,39,0,T,T,0,JFK
2017-12-14,32,22,27,-11.6,38,0,0.06,1.4,1,JFK
2017-12-15,28,20,24,-14.4,41,0,0.1,1.3,T,JFK
2017-12-16,39,24,31.5,-6.7,33,0,0,0,1,JFK
2017-12-17,37,32,34.5,-3.4,30,0,0,0,0,JFK
2017-12-18,48,33,40.5,2.8,24,0,0.02,0,0,JFK
2017-12-19,55,41,48,10.6,17,0,0,0,0,JFK
2017-12-20,51,34,42.5,5.3,22,0,0,0,0,JFK
2017-12-21,41,30,35.5,-1.4,29,0,0,0,0,JFK
2017-12-22,49,33,41,4.3,24,0,T,0,0,JFK
2017-12-23,52,39,45.5,9,19,0,0.62,0,0,JFK
2017-12-24,42,36,39,2.7,26,0,T,T,0,JFK
2017-12-25,40,28,34,-2,31,0,0.17,T,0,JFK
2017-12-26,29,24,26.5,-9.3,38,0,0,0,0,JFK
2017-12-27,25,17,21,-14.6,44,0,0,0,0,JFK
2017-12-28,19,11,15,-20.4,50,0,0,0,0,JFK
2017-12-29,23,12,17.5,-17.7,47,0,0,0,0,JFK
2017-12-30,23,17,20,-15,45,0,0.03,0.6,0,JFK
2017-12-31,21,9,15,-19.8,50,0,0,0,T,JFK